model,period,start,end,sessions,total_return,cagr,annual_vol,sharpe,sortino,max_drawdown,calmar,longest_underwater_sessions,currently_underwater_sessions,worst_day,expected_shortfall_95_daily,positive_day_fraction,gross_turnover_per_year,rebalance_count,total_cost_dollars
treasury_60_40,Full 2007-2026,2007-08-29,2026-09-23,4797,3.503274205384492,0.0822602256315712,0.11023285026309165,0.6391448211779531,0.9068912536320609,-0.32378165741721787,0.2540607960554495,709,28,-0.0548729667232124,-0.0166811265394891,0.551594746716698,0.2798005539148189,230,574.4161861083074
treasury_60_40,Later 2024-2026,2024-01-02,2026-09-23,684,0.38295469887577505,0.12687725912772296,0.0967261258493153,0.8295479701953019,1.2159617492991048,-0.10524755100093708,1.205512697645509,76,28,-0.03311543640325043,-0.013565128109876473,0.554093567251462,0.15880325072153545,33,100.93459740680893
monthly_50_25_25,Full 2007-2026,2007-08-29,2026-09-23,4797,4.527660895741251,0.09397602161297636,0.10701253993703894,0.7558620470727831,1.076920319239124,-0.2751072591606115,0.34159775318073965,493,20,-0.05563871883603699,-0.015975473016881965,0.5505524286012091,0.3511463390027759,230,811.4002750437628
monthly_50_25_25,Later 2024-2026,2024-01-02,2026-09-23,684,0.5776952538145119,0.18292139281900677,0.10617218115231229,1.222586061950934,1.7773647811051698,-0.08678520445316229,2.107748595761261,69,20,-0.03370753964644746,-0.015491187297208322,0.577485380116959,0.2625603886297138,33,200.50001895834788
factor_t0_r1_v0,Full 2007-2026,2007-08-29,2026-09-23,4797,3.619783170828101,0.08371342927721837,0.08697641850207867,0.7992906010631997,1.1247437552266664,-0.18253374230100972,0.4586189283248771,493,20,-0.043963848076984835,-0.01289781960235804,0.5505524286012091,1.1550039466848034,257,2786.1442211033827
factor_t0_r1_v0,Later 2024-2026,2024-01-02,2026-09-23,684,0.5063598661925188,0.16292763876666339,0.09763605532637741,1.1458557509500302,1.6363787062175723,-0.08480498122475444,1.9212036417396796,138,20,-0.03370753964644779,-0.014357802109214373,0.5818713450292398,1.3585737036356664,36,898.6718257248574
ensemble,Full 2007-2026,2007-08-29,2026-09-23,4797,1.7984631686706827,0.05554791560198402,0.06110346423589151,0.6753929853870566,0.9264345548656437,-0.10483520770314136,0.5298593556401142,661,18,-0.029278603389002678,-0.00951357668154553,0.557848655409631,12.702225654319966,855,23465.370900559334
ensemble,Later 2024-2026,2024-01-02,2026-09-23,684,0.42586106287414993,0.1396337117844475,0.07614851031171227,1.178943889672706,1.6249806441516037,-0.060542635640791986,2.306369888039134,85,18,-0.029278603389002678,-0.011162230194701372,0.5964912280701754,12.588946251454725,123,4985.052966395143
original_revised,Full 2007-2026,2007-08-29,2026-09-23,4797,1.6928706773895854,0.053417281802686345,0.07481080961780977,0.5370957870871931,0.7290624890651626,-0.10401311907496336,0.513562926270752,422,2,-0.036290430085755054,-0.012397525864357701,0.5941213258286429,15.221833517674703,455,29008.41215820552
original_revised,Later 2024-2026,2024-01-02,2026-09-23,684,0.21765346702229427,0.07524822707605794,0.08511973110214945,0.3794104810893644,0.5140411560189012,-0.06701479867920279,1.122859854228142,289,2,-0.028026114442687544,-0.013208986699738792,0.577485380116959,19.45680271315222,88,7948.341432510233
