period,start,end,model,costs,sessions,total_return,cagr,annual_vol,sharpe,sortino,max_drawdown,calmar,longest_underwater_sessions,currently_underwater_sessions,worst_day,expected_shortfall_95_daily,positive_day_fraction,gross_turnover_per_year,rebalance_count,total_cost_dollars
original,2007-08-29,2023-12-29,treasury_60_40,net,4113,2.2562702227667097,0.07501356318089947,0.11232706252503227,0.6127221522995375,0.8661240764647727,-0.32378165741721787,0.23167947121920698,709,505,-0.0548729667232124,-0.01714276283777701,0.5511791879406759,0.29992264372376753,197,473.4815887014985
original,2007-08-29,2023-12-29,treasury_60_40,zero,4113,2.265848937556699,0.07520704656535449,0.1123283056627303,0.6143189234264256,0.868467945438033,-0.3235869335450684,0.23241682147489998,709,505,-0.05487296672321218,-0.01714117017492003,0.5511791879406759,0.29995576676495345,197,0.0
original,2007-08-29,2023-12-29,monthly_50_25_25,net,4113,2.5036303001968334,0.07984686040391975,0.10714256663430068,0.678960234263482,0.9642881561504089,-0.2751072591606115,0.2902390167658354,493,2,-0.05563871883603699,-0.016024794356074408,0.5460734257233163,0.365878357007924,197,610.9002560854149
original,2007-08-29,2023-12-29,monthly_50_25_25,zero,4113,2.5162070505180507,0.08008395602030616,0.10714476442986368,0.6809978601521184,0.9673000530280905,-0.27497926259041794,0.2912363473008193,493,2,-0.055638718836037215,-0.0160234677771138,0.5460734257233163,0.3659134110934618,197,0.0
original,2007-08-29,2023-12-29,factor_t0_r1_v0,net,4113,2.0668522671844003,0.07107345468261816,0.08506426191877546,0.7343328730635986,1.0301260320045456,-0.18253374230100972,0.38937159665205096,493,2,-0.043963848076984835,-0.012599843629340189,0.5453440311208364,1.1211498952006336,221,1887.472395378525
original,2007-08-29,2023-12-29,factor_t0_r1_v0,zero,4113,2.100711613452378,0.07179424085779207,0.08508061376499301,0.7421176354285771,1.0415850120293988,-0.18140088184408498,0.39577669153504774,493,2,-0.04396384807698506,-0.0125963066983312,0.5455871626549964,1.1212396366734734,221,0.0
original,2007-08-29,2023-12-29,ensemble,net,4113,0.9626478634809947,0.04217872457689942,0.058197113208360504,0.5702885568036398,0.7811408233614703,-0.10483520770314136,0.40233358144656534,661,530,-0.02005155218612731,-0.009115981523022561,0.5514223194748359,12.721064242104992,732,18480.31793416419
original,2007-08-29,2023-12-29,ensemble,zero,4113,1.2230583587902886,0.05016462121485943,0.058228315481353266,0.7011498713604986,0.9653875221987865,-0.09738088969280356,0.5151382511816032,526,2,-0.020051552186127197,-0.009095560448149869,0.5557986870897156,12.721998475556104,732,0.0
original,2007-08-29,2023-12-29,original_revised,net,4113,1.2115246663526178,0.049829982208964285,0.07296449871804214,0.568643000863876,0.7723372619572055,-0.10401311907496336,0.47907401154897866,422,106,-0.036290430085755054,-0.012222072841145114,0.5968879163627523,14.517549800264874,367,21060.070725695285
original,2007-08-29,2023-12-29,original_revised,zero,4113,1.5494914349476585,0.05901731910437635,0.07293087628690292,0.6884008627489959,0.9397354148244808,-0.10149764059807698,0.5814649360971896,380,106,-0.03571487170106202,-0.012184330680325662,0.6019936785801119,14.522097644167033,367,0.0
later,2024-01-02,2026-09-23,treasury_60_40,net,684,0.39102070508135056,0.1292942418830576,0.09667238574678752,0.8522070035720837,1.2499140786763074,-0.10524755100093708,1.2284774386997985,76,28,-0.03311543640325043,-0.013565128109876454,0.5555555555555556,0.523955679143489,33,90.67986762487888
later,2024-01-02,2026-09-23,treasury_60_40,zero,684,0.39220841883615054,0.12964939258885155,0.09667459076210552,0.8554527346109386,1.2547241849462876,-0.1052246968378574,1.2321194214380167,76,28,-0.03311543640325032,-0.013564984269235573,0.5555555555555556,0.5241650499072118,33,0.0
later,2024-01-02,2026-09-23,monthly_50_25_25,net,684,0.5842453931794185,0.1847283974569407,0.10612957466917508,1.2374985691088733,1.79968965157999,-0.08678520445316174,2.128570170698154,69,20,-0.03370753964644757,-0.01549118729720834,0.577485380116959,0.6257134261688873,33,116.64042225625138
later,2024-01-02,2026-09-23,monthly_50_25_25,zero,684,0.5858608806520822,0.18517334066730307,0.10612857231165652,1.2410616796675822,1.8049518553022754,-0.08674330853271972,2.1347276671774096,69,20,-0.03370753964644757,-0.015490782028523139,0.5789473684210527,0.6259509985213482,33,0.0
later,2024-01-02,2026-09-23,factor_t0_r1_v0,net,684,0.5123907481906356,0.16464081087295557,0.09758890693262184,1.161532512984479,1.6593955480837488,-0.08480498122475444,1.941404956350573,138,20,-0.03370753964644746,-0.014357802109214331,0.5818713450292398,1.721993344241567,37,353.414140428522
later,2024-01-02,2026-09-23,factor_t0_r1_v0,zero,684,0.5166386480166509,0.16584490908030336,0.09756819376488732,1.1723801100589415,1.6756404832833613,-0.08458463904971214,1.9606977217557537,138,20,-0.03370753964644757,-0.014348379132675568,0.5847953216374269,1.7223788188831457,37,0.0
later,2024-01-02,2026-09-23,ensemble,net,684,0.4311964571987872,0.14120294176725845,0.07609724298926054,1.1978996851289356,1.651926424726223,-0.06054263564079265,2.3322893077373426,85,18,-0.029278603389002678,-0.01116223019470136,0.5964912280701754,12.953687417580504,124,2608.9006669046958
later,2024-01-02,2026-09-23,ensemble,zero,684,0.4617131170731812,0.15010815985722825,0.07614143157227049,1.2996882476275533,1.7997197795152706,-0.059085860390993505,2.5405089959578437,83,18,-0.029278603389002567,-0.01114586945585554,0.6008771929824561,12.954616058953167,124,0.0
later,2024-01-02,2026-09-23,original_revised,net,684,0.22402948043927018,0.07731914075429014,0.08507274379405497,0.4022429367036046,0.5452418023826732,-0.0670147986792029,1.1537621880267626,289,2,-0.028026114442687433,-0.013208986699738804,0.5789473684210527,19.794631239336063,88,3667.9267259142352
later,2024-01-02,2026-09-23,original_revised,zero,684,0.2641423028497143,0.0901939722424121,0.08517446452256187,0.5415654589420773,0.7387980157866878,-0.06615129534410724,1.3634498277507514,269,2,-0.028026114442687433,-0.013188967481500754,0.5818713450292398,19.80054375108448,88,0.0
