,sessions,total_return,cagr,annual_vol,sharpe,sortino,max_drawdown,calmar,longest_underwater_sessions,currently_underwater_sessions,worst_day,expected_shortfall_95_daily,positive_day_fraction,gross_turnover_per_year,rebalance_count,total_cost_dollars
treasury_60_40,3270.0,1.9826714589714305,0.08786523068865004,0.09777652664756549,0.8068025704954904,1.1325730164670273,-0.21100283812003062,0.4164172931108501,505.0,505.0,-0.05487296672321251,-0.014883856242322737,0.5522935779816514,0.2889408522462588,156.0,380.0491228218208
passive_50_25_25,3270.0,1.7080590353839353,0.07979785698600095,0.09342283413833857,0.7602661487699831,1.071534840743298,-0.18602608845659596,0.4289605702515191,493.0,2.0,-0.055638718836037215,-0.01392027905814426,0.5477064220183486,0.3468287084349424,156.0,415.1785227727184
static_risk_control,3270.0,1.3505294702403368,0.06807953857922011,0.08061973730973744,0.7318551631659279,1.01640400218376,-0.15981002590001214,0.4260029256350614,493.0,2.0,-0.04396384807698517,-0.012050568813628341,0.5474006116207951,0.9257588827010308,156.0,1158.6387917846716
ensemble,3270.0,0.5583795646990233,0.034780445957805384,0.054249230769980804,0.47081123638989236,0.635868170384358,-0.10483520770313792,0.3317630280877894,661.0,530.0,-0.020051552186127086,-0.008564953698000019,0.553822629969419,13.044653609010169,590.0,12725.621765169426
previous_revised,3270.0,0.7621397516983635,0.04462618441708166,0.07548314404842775,0.4822738136499919,0.6505742272211787,-0.10401311907496269,0.4290438053772754,422.0,106.0,-0.036290430085755276,-0.012620520509180076,0.5896024464831804,15.131265545700089,310.0,14602.873415667684
passive_five,3270.0,0.9529839132211186,0.052937191598276145,0.1215786304984395,0.40216067619255597,0.5453337163480799,-0.2803830809013511,0.18880308836074655,808.0,440.0,-0.08609644809653705,-0.018463194634952163,0.5422018348623853,0.3646007039517186,156.0,373.8380449480022
trend_survivors,3270.0,0.8459247421021772,0.04837238709667635,0.1269063840450989,0.35638114409999966,0.47858772526327403,-0.2757121412848932,0.17544525558884688,552.0,456.0,-0.10670731511675213,-0.01984811581310442,0.5470948012232416,5.289171744850853,156.0,5709.025242470709
trend_slots,3270.0,0.5476005189062176,0.03422709808360436,0.07366825753634647,0.35640680909956,0.4785422703831073,-0.13758122059828104,0.2487773980690501,770.0,456.0,-0.04940473844376514,-0.011645702845198565,0.5504587155963303,2.1837531560253574,156.0,2042.2811889863701
hard_vix,3270.0,0.6279453637961514,0.038268930152475455,0.053999962585473446,0.5352304757480373,0.7301753320966816,-0.07710855515610049,0.4962994064018302,545.0,2.0,-0.02025428244690508,-0.008665957757231349,0.5831804281345566,10.181130661085739,303.0,10023.400155237296
smooth_vix,3270.0,0.615490664779542,0.03765461084638155,0.05413805740673098,0.5230752251993169,0.7112157635497625,-0.07936009217496287,0.4744779121899901,510.0,2.0,-0.019552776863267174,-0.008788398848532837,0.5856269113149847,8.990646451386123,334.0,8815.265681297149
unconditional,3270.0,0.9731442779458135,0.053770862891993065,0.0770791378884666,0.586879536738594,0.7960699952082743,-0.15194115237575356,0.35389268839436355,438.0,2.0,-0.043685506797605855,-0.012176407866634162,0.5516819571865443,0.9048945725041484,151.0,1012.5744924861028
hmm,3270.0,0.7211606903133907,0.04273366169362558,0.07451185442034185,0.4631871795529009,0.6208846166217926,-0.16347857852919312,0.2614022098680925,530.0,530.0,-0.04396544606302355,-0.012103898617633497,0.5614678899082569,4.620201828139578,251.0,5419.1711039993015
tracked_hmm,3270.0,0.8103430177914228,0.04680102819657583,0.07597983827139625,0.5069213442641691,0.6815954623347315,-0.1474830755226384,0.31733151774009455,505.0,505.0,-0.04404359919164924,-0.012267746938515988,0.5510703363914373,3.7099830928251576,261.0,4440.412074183379
tracked_no_penalty,3270.0,0.8446670964295107,0.04831732544268541,0.07635347105422585,0.5237730166175576,0.7043828459568137,-0.15022884155287375,0.3216248287828266,531.0,531.0,-0.04792186923613018,-0.012216825143935087,0.5602446483180428,6.729547806847609,382.0,8227.647432007427
